<?xml version="1.0" encoding="UTF-8"?>
<!-- Licensed under the Apache License, Version 2.0 (the "License"); you may not use this file 
  except in compliance with the License. You may obtain a copy of the License at http://www.apache.org/licenses/LICENSE-2.0 
  Unless required by applicable law or agreed to in writing, software distributed under the License 
  is distributed on an "AS IS" BASIS, WITHOUT WARRANTIES OR CONDITIONS OF ANY KIND, either express 
  or implied. See the License for the specific language governing permissions and limitations 
  under the License. -->
<project xmlns="http://maven.apache.org/DECORATION/1.7.0" xmlns:xsi="http://www.w3.org/2001/XMLSchema-instance"
    xsi:schemaLocation="http://maven.apache.org/DECORATION/1.7.0 http://maven.apache.org/xsd/decoration-1.7.0.xsd">

  <googleAnalyticsAccountId>UA-82389783-1</googleAnalyticsAccountId>
  <skin>
    <groupId>org.apache.maven.skins</groupId>
    <artifactId>maven-fluido-skin</artifactId>
    <version>1.6</version>
  </skin>
  <custom>
    <fluidoSkin>
      <profile>production</profile> <!-- (pre-release|sandbox|retired) -->
      <breadcrumbDivider>»</breadcrumbDivider>
    </fluidoSkin>
  </custom>
  <body>
    <head>
      <![CDATA[
      <meta name="keywords" content="jaas, realm, glassfish" />
      ]]>
    </head>
    <breadcrumbs>
      <item name="jkniv" href="http://jkniv.sourceforge.net/index.html" />
      <item name="sqlegance" href="http://jkniv.sourceforge.net/jkniv-sqlegance/index.html" />
      <item name="whinstone-jdbc  " href="http://jkniv.sourceforge.net/jkniv-whinstone-jdbc/index.html" />
      <item name="camel-sap-jco3" href="http://jkniv.sourceforge.net/jkniv-camel-sap-jco3/index.html" />
    </breadcrumbs>
    <menu name="Hybrid Glassfish Realm" inherit="top">
      <item name="Introduction" href="index.html" />
      <item name="Javadoc" href="api-docs/index.html" />
      <item name="Donwload" href="https://sourceforge.net/projects/jkniv/files/jkniv-jaas-glassfish" />
    </menu>
    <menu ref="reports" />
  </body>
</project>